nameID,referenceID,page,link,remarks
1486,9,338,,Original description
1496,9,342,,Original description
1330,9,355,,Original description
1304,9,365,,Original description
1474,9,368,,Original description
1305,9,371,,Original description
1331,9,375,,Original description
1320,9,376,,Original description
1311,9,377,,Original description
1301,9,378,,Original description
2614,14,5,https://www.biodiversitylibrary.org/page/33664319,Original description
2615,14,5,https://www.biodiversitylibrary.org/page/33664319,Original description
43,16,121,,Original description
2469,22,138,,Original description
111,21,179,,Original description
1264,24,25,,Original description
1503,24,29,,Original description
217,26,65,,Original description
1418,29,283,,Original description
1390,29,293,,Original description
1391,29,293,,Original description
210,32,310,,Original description
1753,34,66,,Original description
196,33,102,,Original description
142,33,103,,Original description
135,36,52,,Original description
2744,38,6,,Original description
178,37,51,,Original description
206,40,23,http://biblio.naturalsciences.be/rbins-publications/bulletin-of-the-royal-belgian-institute-of-natural-sciences/31-1955/irscnb_p4087_00df58p_31_bulletin-83-red.pdf,Original description
80,40,51,http://biblio.naturalsciences.be/rbins-publications/bulletin-of-the-royal-belgian-institute-of-natural-sciences/31-1955/irscnb_p4087_00df58p_31_bulletin-83-red.pdf,Original description
110,40,53,http://biblio.naturalsciences.be/rbins-publications/bulletin-of-the-royal-belgian-institute-of-natural-sciences/31-1955/irscnb_p4087_00df58p_31_bulletin-83-red.pdf,Original description
132,40,55,http://biblio.naturalsciences.be/rbins-publications/bulletin-of-the-royal-belgian-institute-of-natural-sciences/31-1955/irscnb_p4087_00df58p_31_bulletin-83-red.pdf,Original description
157,40,57,http://biblio.naturalsciences.be/rbins-publications/bulletin-of-the-royal-belgian-institute-of-natural-sciences/31-1955/irscnb_p4087_00df58p_31_bulletin-83-red.pdf,Original description
177,40,59,http://biblio.naturalsciences.be/rbins-publications/bulletin-of-the-royal-belgian-institute-of-natural-sciences/31-1955/irscnb_p4087_00df58p_31_bulletin-83-red.pdf,Original description
96,40,6,http://biblio.naturalsciences.be/rbins-publications/bulletin-of-the-royal-belgian-institute-of-natural-sciences/31-1955/irscnb_p4087_00df58p_31_bulletin-83-red.pdf,Original description
1464,41,22,,Original description
36,43,75,,Original description
167,43,75,,Original description
1685,44,55,,Original description
2562,44,55,,Original description
1296,45,29,,Original description
1517,45,29,,Original description
1526,45,30,,Original description
30,47,50,,Original description
590,48,6,,Original description
2668,48,6,,Original description
2286,50,15,,Original description
154,51,14,,Original description
2651,51,14,,Original description
1146,51,15,,Original description
1147,51,15,,Original description
144,61,151,,Original description
174,63,179,,Original description
97,62,3,,Original description
172,62,650,,Original description
51,64,205,,Original description
39,65,113,,Original description
156,67,62,,Original description
125,67,64,,Original description
212,67,65,,Original description
162,67,66,,Original description
44,66,7,,Original description
72,69,75,,Original description
91,69,77,,Original description
42,69,79,,Original description
2533,72,101,,Original description
2778,72,103,,Original description
2752,72,105,,Original description
2521,72,107,,Original description
2772,72,20,,Original description
2756,72,21,,Original description
2534,72,22,,Original description
2726,72,27,,Original description
2731,72,98,,Original description
59,73,51,,Original description
2762,74,204,,Original description
2217,75,10,,Original description
2306,75,11,,Original description
1898,75,13,,Original description
2223,75,9,,Original description
94,76,166,,Original description
329,76,167,,Original description
330,76,167,,Original description
2494,76,169,,Original description
2290,81,80,,Original description
55,79,189,,Original description
65,79,191,,Original description
164,79,192,,Original description
201,79,193,,Original description
319,82,175,,Original description
199,83,103,,Original description
118,85,16,,Original description
24,85,18,,Original description
152,85,19,,Original description
127,85,20,,Original description
222,85,20,,Original description
120,85,21,,Original description
90,87,65,,Original description
1487,88,66,,Original description
349,88,69,,Original description
1500,86,24,,Original description
1388,86,26,,Original description
1389,86,27,,Original description
2702,84,87,,Original description
324,89,276,,Original description
299,89,276,,Original description
312,89,276,,Original description
2228,92,327,,Original description
2676,90,84,,Original description
2640,90,86,,Original description
1329,91,158,,Original description
2708,99,128,,Original description
1256,99,18,,Original description
569,98,16,https://www.biodiversitylibrary.org/page/28745019,Original description
2253,97,101,,Original description
313,96,238,,Original description
308,96,242,,Original description
2173,94,98,,Original description
2526,100,65,,Original description
2531,100,67,,Original description
377,102,36,,Original description
386,102,37,,Original description
778,103,14,,Original description
856,103,14,,Original description
620,103,16,,Original description
2644,103,18,,Original description
2506,101,105,,Original description
2511,101,108,,Original description
311,104,15,,Original description
770,105,33,,Original description
1056,105,35,,Original description
1240,106,2,,Original description
2724,107,309,,Original description
2748,107,314,,Original description
2739,107,320,,Original description
1323,109,55,,Original description
265,110,138,https://www.biodiversitylibrary.org/page/14720330,Original description
350,111,250,,Original description
644,112,142,,Original description
198,112,212,,Original description
2595,112,45,,Original description
2757,112,84,,Original description
89,113,176,,Original description
116,113,177,,Original description
85,113,177,,Original description
31,113,178,,Original description
2808,113,82,,Original description
2653,115,355,,Original description
306,114,31,,Original description
54,116,81,,Original description
1354,121,306,,Original description
2312,120,281,,Original description
2207,120,282,,Original description
2218,117,297,,Original description
2539,126,32,,Original description
183,126,33,,Original description
216,128,37,,Original description
213,127,38,,Original description
1393,133,55,,Original description
1402,133,56,,Original description
1490,133,74,,Original description
1286,133,85,,Original description
101,130,608,,Original description
2240,134,209,,Original description
2230,134,210,,Original description
1920,129,59,,Original description
657,136,204,,Original description
2121,138,116,,Original description
2126,138,118,,Original description
595,139,69,,Original description
2745,140,9,,Original description
2212,141,62,,Original description
145,142,33,,Original description
163,144,82,,Original description
204,146,19,,Original description
70,146,20,,Original description
179,146,21,,Original description
63,146,21,,Original description
93,145,96,,Original description
181,147,76,,Original description
638,148,137,,Original description
1422,148,138,,Original description
2187,148,140,,Original description
69,151,263,,Original description
34,151,263,,Original description
2222,152,24,,Original description
924,153,466,,Original description
457,153,466,,Original description
2734,154,288,,Original description
2276,155,275,,Original description
103,155,276,,Original description
1009,164,278,,Original description
895,164,279,,Original description
952,160,70,,Original description
637,160,70,,Original description
985,160,73,,Original description
926,160,74,,Original description
134,162,448,,"Original description with imago, larva, pupa, male genitalia - female genitalia incorrect"
1128,178,827,,Original description
1282,176,289,,Original description
1387,176,304,,Original description
1852,176,330,,Original description
1882,176,337,,Original description
1677,176,346,,Original description
502,176,366,,Original description
530,176,370,,Original description
1198,176,389,,Original description
1154,176,394,,Original description
1012,176,395,,Original description
918,176,396,,Original description
765,176,397,,Original description
756,176,404,,Original description
982,176,405,,Original description
1005,176,406,,Original description
1115,176,406,,Original description
623,176,407,,Original description
907,176,408,,Original description
876,176,409,,Original description
662,176,411,,Original description
841,176,412,,Original description
704,176,413,,Original description
613,176,414,,Original description
888,176,426,,Original description
725,176,436,,Original description
762,176,436,,Original description
721,176,437,,Original description
1126,176,437,,Original description
998,176,438,,Original description
619,176,442,,Original description
33,176,447,,Original description
2356,177,185,,Original description
356,177,185,,Original description
1120,177,185,,Original description
2289,177,186,,Original description
866,186,56,,Original description
2382,197,283,,Original description
1088,197,284,,Original description
2804,198,42,,Original description
133,207,201,,Original description
2563,209,7,,Original description
2396,211,86,,Original description
81,214,9,,Original description
1432,218,178,,Original description
2188,217,113,,Original description
168,219,26,,Original description
1972,219,28,,Original description
1636,219,30,,Original description
1245,219,32,,Original description
1141,219,32,,Original description
1215,219,34,,Original description
893,219,34,,Original description
1143,219,35,,Original description
2692,219,35,,Original description
2737,224,179,,Original description
155,225,244,,Original description
73,226,168,,Original description
293,226,170,,Original description
373,226,176,,Original description
2420,226,180,,Original description
2423,226,180,,Original description
2797,226,182,,Original description
2803,226,183,,Original description
1737,226,191,,Original description
894,226,197,,Original description
520,226,198,,Original description
2694,226,202,,Original description
2631,226,204,,Original description
2660,226,204,,Original description
697,226,285,,Original description
376,228,761,,Original description
38,229,283,,Original description
190,230,224,,Original description
82,234,85,,Original description
541,233,701,,Original description
215,236,360,,Original description
1287,236,[35],,Original description
340,239,54,,Original description
1224,244,35,,Original description
2148,245,15,,Original description
258,245,16,,Original description
2502,245,16,,Original description
1649,247,387,,Original description
466,248,465,,Original description
505,253,242,,Original description
2627,253,242,,Original description
1341,280,15,,Original description
1342,281,47,,Original description
2568,282,122,,Original description
2279,258,21,,Original description
1838,260,[17],,Original description
1471,260,[17],,Original description
1285,260,[17],,Original description
1339,263,242,,Original description
1340,263,244,,Original description
1359,263,246,,Original description
1343,266,236,,Original description
2182,268,304,,Original description
2183,268,305,,Original description
32,269,434,,Original description
1458,269,438,,Original description
2572,269,440,,Original description
2260,269,70,,Original description
2261,269,71,,Original description
1016,270,410,,Original description
2184,271,95,,Original description
2221,271,96,,Original description
1544,276,292,,Original description
1263,276,294,,Original description
2456,276,296,,Original description
440,276,297,,Original description
1789,290,112,,Original description
708,305,123,,Original description
1096,315,91,,Original description
2519,315,91,,Original description
1350,316,700,https://www.biodiversitylibrary.org/page/8375621,Original description
1278,317,893,,Original description
28,317,893,https://www.biodiversitylibrary.org/page/8375814,Original description
2271,318,36,,Original description
2293,352,187,,Original description
1751,356,103,,Original description
2586,359,141,,Original description
2060,362,334,,Original description
1654,363,77,,Original description
1253,372,594,,Original description
1411,373,408,,Original description
2373,374,44,,Original description
2309,377,472,,Original description
1473,383,79,,Original description
1983,383,80,,Original description
1949,383,80,,Original description
1878,383,80,,Original description
381,383,80,,Original description
2059,383,81,,Original description
2750,383,81,,Original description
2556,383,81,,Original description
2514,383,81,,Original description
2582,383,83,,Original description
403,383,84,,Original description
428,383,84,,Original description
1260,383,85,https://www.biodiversitylibrary.org/page/12720934,Original description
965,383,86,,Original description
966,383,86,,Original description
744,383,86,,Original description
871,383,86,https://www.biodiversitylibrary.org/page/12720935,Original description
76,383,87,,Original description
109,383,88,,Original description
2468,386,30,,Original description
2467,386,4,,Original description
384,389,10,,Original description
784,398,11,,Original description
858,402,72,,Original description
418,405,178,,Original description
2259,408,318,,Original description
963,413,36,,Original description
2736,413,37,,Original description
1254,414,43,,Original description
105,415,124,,Original description
425,415,164,,Original description
2650,416,99,,Original description
1554,417,295,,Original description
140,418,462,,Original description
1495,419,338,,Original description
2560,420,231,,Original description
2583,420,232,,Original description
2584,421,243,,Original description
1509,426,97,,Original description
1508,427,16,,Original description
1499,435,193,,Original description
2743,437,14,,Original description
2461,438,54,,Original description
452,461,185,,Original description
442,461,185,,Original description
1979,472,145,,Original description
1696,472,145,,Original description
1326,472,145,,Original description
1932,472,146,,Original description
1664,472,146,,Original description
2542,472,146,,Original description
2686,472,146,,Original description
1978,472,320,,Original description
2192,472,320,,Original description
1445,472,320,,Original description
2602,472,320,,Original description
527,476,71,,Original description
2505,481,11,,Original description
1671,481,12,,Original description
1674,481,14,,Original description
2394,481,15,,Original description
2025,481,16,,Original description
910,481,18,,Original description
843,481,20,,Original description
1576,481,21,,Original description
1582,481,22,,Original description
1700,494,2,,Original description
553,495,6,,Original description
1235,499,659,https://www.biodiversitylibrary.org/page/9938032,Original description
2346,499,668,https://www.biodiversitylibrary.org/page/9938041,Original description
1183,499,670,https://www.biodiversitylibrary.org/page/9938043,Original description
2580,500,498,https://www.biodiversitylibrary.org/page/10355710,Original description
305,502,163,,Original description
1960,502,163,,Original description
367,505,249,,Original description
1619,510,442,,Original description
1912,511,228,,Original description
685,511,228,,Original description
551,511,228,,Original description
1904,527,347,,Original description
2305,527,348,,Original description
2476,531,609,,Original description
1407,533,346,,Original description
2463,533,348,,Original description
2565,542,13,,Original description
188,560,2,https://www.biodiversitylibrary.org/page/29013876,Original description
50,560,5,https://www.biodiversitylibrary.org/page/29013879,Original description
2229,567,13,,Original description
2341,567,14,,Original description
385,567,16,,Original description
1497,567,18,,Original description
2004,567,7,,Original description
2150,582,CXL: 47,https://www.biodiversitylibrary.org/page/1221397,Original description
653,582,CXL: 48,https://www.biodiversitylibrary.org/page/1221397,Original description
2415,582,CXL: 49,https://www.biodiversitylibrary.org/page/1221397,Original description
2333,582,CXL: 50,https://www.biodiversitylibrary.org/page/1221397,Original description
2380,582,CXL: 51,https://www.biodiversitylibrary.org/page/1221397,Original description
1813,582,CXL: 53,https://www.biodiversitylibrary.org/page/1221397,Original description
2390,582,CXL: 54,https://www.biodiversitylibrary.org/page/1221397,Original description
2387,582,CXL: 55,https://www.biodiversitylibrary.org/page/1221397,Original description
2674,582,CXL: 56,https://www.biodiversitylibrary.org/page/1221397,Original description
1608,582,CXL: 57,https://www.biodiversitylibrary.org/page/1221397,Original description
1570,582,CXL: 58,https://www.biodiversitylibrary.org/page/1221397,Original description
1740,582,CXL: 59,https://www.biodiversitylibrary.org/page/1221397,Original description
2039,582,CXL: 60,https://www.biodiversitylibrary.org/page/1221397,Original description
1166,585,87,https://www.biodiversitylibrary.org/page/27874987,Original description
749,585,95,https://www.biodiversitylibrary.org/page/27874986,Original description
767,585,95,https://www.biodiversitylibrary.org/page/27874986,Original description
1864,586,30,https://www.biodiversitylibrary.org/page/18485643,Original description
2723,586,36,https://www.biodiversitylibrary.org/page/18485649,Original description
1150,586,39,https://www.biodiversitylibrary.org/page/18485652,Original description
659,586,42,https://www.biodiversitylibrary.org/page/18485655,Original description
1037,586,50,https://www.biodiversitylibrary.org/page/18485663,Original description
2268,586,60,https://www.biodiversitylibrary.org/page/18485673,Original description
2204,586,61,https://www.biodiversitylibrary.org/page/18485674,Original description
1722,587,30,,Original description
1657,588,340,,Original description
788,591,141,,Original description
853,591,141,,Original description
1412,591,142,,Original description
1226,591,142,,Original description
1157,591,55,,Original description
1919,591,71,,Original description
1867,591,72,,Original description
791,591,73,,Original description
1156,591,73,,Original description
633,591,73,,Original description
1382,592,843,,Original description
1366,592,847,,Original description
1704,592,848,,Original description
1385,592,848,,Original description
547,592,848,,Original description
1705,592,849,,Original description
1161,592,849,,Original description
548,592,849,,Original description
1279,599,20,https://www.biodiversitylibrary.org/page/11165984,Original description
2671,598,284,,Original description
2454,601,23,,Original description
1541,601,25,,Original description
13,601,8,https://www.biodiversitylibrary.org/page/59021973,Original description
268,603,107,https://www.biodiversitylibrary.org/page/14720360,Original description
264,603,107,https://www.biodiversitylibrary.org/page/14720330,Original description
267,603,108,https://www.biodiversitylibrary.org/page/14720330,Original description
244,603,113,https://www.biodiversitylibrary.org/page/14720335,Original description
245,603,121,https://www.biodiversitylibrary.org/page/14720343,Original description
235,603,122,https://www.biodiversitylibrary.org/page/14720344,Original description
239,603,130,https://www.biodiversitylibrary.org/page/14720352,Original description
270,603,138,https://www.biodiversitylibrary.org/page/14720360,Original description
283,603,140,https://www.biodiversitylibrary.org/page/14720362,Original description
237,601,19,https://www.biodiversitylibrary.org/page/59021984,Original description
1970,604,400,,Original description
1642,604,401,,Original description
601,604,403,,Original description
1454,605,281,https://www.biodiversitylibrary.org/page/9948360,Original description
2828,1895,20,,New combination
2801,605,282,https://www.biodiversitylibrary.org/page/9948361,Original description
1470,605,346,,Original description
2128,605,347,,Original description
1337,617,13,,Original description
1929,617,23,,Original description
2124,618,607,,Original description
2499,620,1,,Original description
617,624,83,,Original description
1690,625,139,,Original description
2050,623,11,,Original description
1592,622,99,,Original description
2489,626,43,,Original description
2488,626,44,,Original description
2496,626,46,,Original description
2491,626,49,,Original description
2492,626,50,,Original description
2272,627,25,,Original description
1885,635,403,,Original description
1600,636,290,,Original description
1552,637,16,,Original description
1294,637,18,,Original description
1309,641,48,,Original description
1711,643,71,,Original description
2466,643,72,,Original description
1716,645,14,,Original description
1336,645,15,,Original description
298,648,81,,Original description
1862,649,155,,Original description
2607,657,2: 90,https://www.biodiversitylibrary.org/page/14716579,Original description
431,658,27,,Original description
2273,662,246,,Original description
2181,662,248,,Original description
1188,664,45,,Original description
2198,665,328,,Original description
2294,665,332,,Original description
2175,672,222,,Original description
2310,674,[13],,Original description
836,673,73,,Original description
423,678,[55],,Original description
2311,679,220,,Original description
528,679,373,,Original description
1310,681,73,,Original description
656,684,211,,Original description
1271,688,14,,Original description
2662,688,15,,Original description
2658,688,18,,Original description
2211,687,467,,Original description
2274,687,469,,Original description
1370,689,105,,Original description
511,689,108,,Original description
2200,690,195,,Original description
1976,692,424,,Original description
2320,692,426,,Original description
2168,692,430,,Original description
935,692,435,,Original description
9,693,10,https://stangeia.hobern.net/?p=71,Original description
1246,693,104,,Original description
1261,693,105,,Original description
1262,693,107,,Original description
1138,693,109,,Original description
1139,693,112,,Original description
1145,693,112,,Original description
1144,693,113,,Original description
503,693,116,,Original description
509,693,119,,Original description
1202,693,120,,Original description
1203,693,122,,Original description
582,693,123,,Original description
716,693,125,,Original description
915,693,127,,Original description
905,693,129,,Original description
475,693,130,,Original description
315,693,18,,Original description
2063,693,25,,Original description
1986,693,25,,Original description
2029,693,26,,Original description
2064,693,27,,Original description
2046,693,29,,Original description
2021,693,30,,Original description
2024,693,31,,Original description
1952,693,32,,Original description
1634,693,32,,Original description
1639,693,35,,Original description
1612,693,39,,Original description
1580,693,41,,Original description
1724,693,42,,Original description
1729,693,43,,Original description
2342,693,50,,Original description
2409,693,51,,Original description
2413,693,54,,Original description
1640,693,55,,Original description
1644,693,57,,Original description
368,693,62,,Original description
336,693,63,,Original description
337,693,66,,Original description
353,693,68,,Original description
375,693,70,,Original description
1392,693,75,,Original description
1433,693,77,,Original description
1367,693,78,,Original description
2815,693,82,,Original description
2798,693,82,,Original description
891,693,88,,Original description
1424,693,93,,Original description
2275,695,101,,Original description
2339,695,103,,Original description
1718,695,91,,Original description
2201,695,96,,Original description
2170,695,98,,Original description
2335,695,99,,Original description
1209,694,450,,Original description
1662,696,53,,Original description
2147,696,55,,Original description
1754,696,56,,Original description
1755,696,57,,Original description
220,697,418,,Original description
2006,697,422,,Original description
1577,697,424,,Original description
1865,697,425,,Original description
1555,697,425,,Original description
1906,697,427,,Original description
2169,697,430,,Original description
1344,697,432,,Original description
1298,697,434,,Original description
2758,697,437,,Original description
2738,697,438,,Original description
2569,697,440,,Original description
1029,697,443,,Original description
1032,698,106,,Original description
566,699,121,,Original description
2215,700,200,,Original description
2199,701,104,,Original description
834,702,123,,Original description
37,707,49,,Original description
322,710,285,,Original description
314,711,279,,Original description
309,711,279,,Original description
296,711,279,,Original description
1426,715,107,,Original description
124,717,114,,Original description
169,717,116,,Original description
1731,717,118,,Original description
1734,717,120,,Original description
2206,717,122,,Original description
2501,717,123,,Original description
321,716,294,,Original description
1063,720,21,,Original description
297,720,297,,Original description
1218,719,13,,Original description
318,719,132,,Original description
1787,719,15,,Original description
1795,719,18,,Original description
1785,719,20,,Original description
1780,719,21,,Original description
1758,719,23,,Original description
1774,719,24,,Original description
1765,719,25,,Original description
1790,719,28,,Original description
2094,719,33,,Original description
1975,719,37,,Original description
1957,719,38,,Original description
2070,719,39,,Original description
2083,719,43,,Original description
2091,719,45,,Original description
2095,719,48,,Original description
2074,719,49,,Original description
2073,719,51,,Original description
2076,719,52,,Original description
2108,719,53,,Original description
2084,719,55,,Original description
2370,719,60,,Original description
2362,719,63,,Original description
1834,719,68,,Original description
2639,719,7,,Original description
2669,719,7,,Original description
2696,719,7,,Original description
2598,719,70,,Original description
2599,719,71,,Original description
458,719,75,,Original description
1061,719,79,,Original description
643,719,81,,Original description
903,719,83,,Original description
901,719,86,,Original description
718,719,88,,Original description
610,719,89,,Original description
987,723,86,,Original description
690,723,86,,Original description
1666,724,98,,Original description
460,725,379,,Original description
447,725,382,,Original description
448,725,383,,Original description
485,725,383,,Original description
480,725,386,,Original description
456,725,387,,Original description
1361,726,16,,Original description
1805,726,36,,Original description
2402,726,40,,Original description
232,726,82,,Original description
2116,727,181,,Original description
2117,727,184,,Original description
2120,727,185,,Original description
2239,728,146,,Original description
2278,728,147,,Original description
983,729,100,,Original description
1072,729,100,,Original description
285,729,82,,Original description
1770,729,83,,Original description
1773,729,84,,Original description
1778,729,84,,Original description
1781,729,85,,Original description
1782,729,85,,Original description
1616,729,86,,Original description
1772,729,86,,Original description
1837,729,87,,Original description
2044,729,88,,Original description
1853,729,89,,Original description
2367,729,90,,Original description
2359,729,90,,Original description
2371,729,91,,Original description
2100,729,92,,Original description
1604,729,92,,Original description
2110,729,93,,Original description
2090,729,94,,Original description
2097,729,94,,Original description
2105,729,95,,Original description
809,729,96,,Original description
1018,729,96,,Original description
631,729,97,,Original description
939,729,97,,Original description
723,729,98,,Original description
768,729,98,,Original description
779,729,99,,Original description
1923,731,40,,Original description
102,734,241,,Original description
1572,740,85,,Original description
1611,740,87,,Original description
1973,740,89,,Original description
1804,738,149,,Original description
1808,738,151,,Original description
1816,738,155,,Original description
1985,739,306,,Original description
769,739,307,,Original description
747,739,307,,Original description
1051,739,308,,Original description
951,739,309,,Original description
925,739,309,,Original description
1064,739,310,,Original description
1027,739,310,,Original description
837,739,311,,Original description
479,739,311,,Original description
2784,743,58,,Original description
2410,743,58,,Original description
328,743,59,,Original description
2624,744,64,,Original description
2666,744,65,,Original description
2643,744,68,,Original description
2203,745,127,,Original description
1622,742,367,,Original description
1627,742,371,,Original description
1652,746,298,,Original description
240,749,353,,Original description
1829,749,356,,Original description
2158,749,357,,Original description
1130,749,358,,Original description
1091,749,367,,Original description
1131,749,368,,Original description
676,749,369,,Original description
849,749,369,,Original description
1314,750,410,,Original description
2017,750,413,,Original description
1959,750,414,,Original description
1624,750,415,,Original description
1825,750,416,,Original description
1067,750,421,,Original description
469,750,422,,Original description
2115,752,100,,Original description
2111,752,102,,Original description
2101,752,103,,Original description
2109,752,106,,Original description
2361,752,114,,Original description
2082,752,115,,Original description
2107,752,116,,Original description
1586,752,127,,Original description
1585,752,128,,Original description
1766,752,132,,Original description
1786,752,133,,Original description
1769,752,135,,Original description
1794,752,148,,Original description
1771,752,152,,Original description
1811,752,157,,Original description
286,752,18,,Original description
1395,752,186,,Original description
282,752,19,,Original description
1380,752,197,,Original description
1292,752,198,,Original description
269,752,20,,Original description
1270,752,201,,Original description
1421,752,205,,Original description
1396,752,206,,Original description
271,752,21,,Original description
2131,752,29,,Original description
1796,752,33,,Original description
1803,752,34,,Original description
2047,752,43,,Original description
2351,752,62,,Original description
2377,752,69,,Original description
2366,752,71,,Original description
2378,752,73,,Original description
2075,752,92,,Original description
2092,752,94,,Original description
2081,752,95,,Original description
2080,752,97,,Original description
2113,752,98,,Original description
2077,752,99,,Original description
2112,752,99,,Original description
123,755,44,,Original description
45,755,45,,Original description
294,755,45,,Original description
1917,755,46,,Original description
2241,755,47,,Original description
1371,755,48,,Original description
341,755,48,,Original description
1274,755,49,,Original description
1241,755,50,,Original description
750,755,51,,Original description
1849,753,3,,Original description
1870,753,4,,Original description
1895,753,5,,Original description
1909,753,6,,Original description
180,754,462,,Original description
2034,759,224,,Original description
2035,759,229,,Original description
2141,759,235,,Original description
361,759,237,,Original description
1518,759,241,,Original description
850,759,246,,Original description
395,759,248,,Original description
1030,759,251,,Original description
2224,761,149,,Original description
970,764,606,,Original description
1031,764,610,,Original description
957,764,613,,Original description
1082,764,616,,Original description
672,764,617,,Original description
978,764,621,,Original description
663,764,626,,Original description
730,764,629,,Original description
674,764,632,,Original description
1008,764,637,,Original description
1039,764,638,,Original description
896,764,641,,Original description
1033,764,648,,Original description
1014,764,654,,Original description
814,764,657,,Original description
639,764,658,,Original description
1193,764,660,,Original description
1055,764,665,,Original description
1117,764,677,,Original description
594,764,678,,Original description
603,764,679,,Original description
608,764,680,,Original description
886,764,684,,Original description
897,764,684,,Original description
912,764,685,,Original description
927,764,686,,Original description
928,764,686,,Original description
1006,764,689,,Original description
1195,764,697,,Original description
446,764,707,,Original description
2715,764,727,,Original description
186,763,38,,Original description
86,763,38,,Original description
218,763,39,,Original description
310,763,39,,Original description
323,763,39,,Original description
1669,763,40,,Original description
2811,763,41,,Original description
2812,763,41,,Original description
2813,763,41,,Original description
1921,763,42,,Original description
1974,763,43,,Original description
2002,763,43,,Original description
2003,763,44,,Original description
2018,763,44,,Original description
2036,763,45,,Original description
2037,763,45,,Original description
2337,763,46,,Original description
2172,763,46,,Original description
351,763,47,,Original description
2344,763,47,,Original description
1315,763,48,,Original description
1267,763,49,,Original description
1484,763,49,,Original description
1434,763,50,,Original description
1228,763,51,,Original description
605,763,51,,Original description
468,763,52,,Original description
2487,763,53,,Original description
2550,763,53,,Original description
2267,765,105,,Original description
1045,765,106,,Original description
629,765,106,,Original description
722,765,107,,Original description
877,765,107,,Original description
1043,765,108,,Original description
846,765,108,,Original description
651,765,109,,Original description
1010,765,109,,Original description
664,765,110,,Original description
880,765,110,,Original description
984,765,111,,Original description
621,765,111,,Original description
668,765,111,,Original description
881,765,112,,Original description
798,765,112,,Original description
1093,765,113,,Original description
667,765,113,,Original description
731,765,114,,Original description
874,765,114,,Original description
455,765,115,,Original description
490,765,115,,Original description
491,765,116,,Original description
497,765,116,,Original description
719,766,100,,Original description
933,766,100,,Original description
654,766,100,,Original description
771,766,101,,Original description
1200,766,101,,Original description
780,766,102,,Original description
1090,766,102,,Original description
492,766,103,,Original description
2114,766,95,,Original description
501,766,97,,Original description
1135,766,97,,Original description
1092,766,98,,Original description
683,766,98,,Original description
688,766,99,,Original description
919,766,99,,Original description
2067,767,68,,Original description
1615,767,68,,Original description
2202,767,69,,Original description
2096,767,69,,Original description
2106,767,70,,Original description
1777,767,70,,Original description
1779,767,71,,Original description
1793,767,71,,Original description
1283,767,72,,Original description
757,767,73,,Original description
799,767,73,,Original description
648,767,74,,Original description
680,767,74,,Original description
822,767,76,,Original description
602,767,76,,Original description
889,767,76,,Original description
758,767,77,,Original description
908,767,77,,Original description
988,767,78,,Original description
1046,767,78,,Original description
989,767,78,,Original description
1129,767,78,,Original description
794,767,79,,Original description
1134,767,80,,Original description
675,767,80,,Original description
911,767,81,,Original description
484,767,82,,Original description
295,768,33,,Original description
1858,768,34,,Original description
949,768,35,,Original description
673,768,35,,Original description
913,768,36,,Original description
671,768,36,,Original description
819,768,37,,Original description
847,768,37,,Original description
733,768,38,,Original description
1044,768,38,,Original description
732,768,39,,Original description
1007,768,40,,Original description
1013,768,40,,Original description
1116,768,41,,Original description
948,768,41,,Original description
646,768,42,,Original description
531,768,42,,Original description
554,768,44,,Original description
467,768,45,,Original description
320,769,134,,Original description
575,770,81,,Original description
284,772,187,,Original description
246,772,187,,Original description
2008,772,188,,Original description
1744,772,190,,Original description
2428,772,191,,Original description
1826,772,192,,Original description
1419,772,193,,Original description
645,772,194,,Original description
159,773,139,,Original description
2323,774,149,,Original description
2425,774,151,,Original description
1625,774,151,,Original description
2703,775,161,,Original description
2718,775,164,,Original description
2721,775,167,,Original description
2180,795,367,,Original description
2616,797,37,,Original description
2193,804,178,,Original description
1289,807,305,,Original description
2197,808,363,,Original description
2194,808,364,,Original description
1982,809,151,,Original description
1318,813,314,https://www.biodiversitylibrary.org/page/3100495,Original description
1364,813,314,https://www.biodiversitylibrary.org/page/3100495,Original description
2066,813,315,,Original description
1449,813,315,,Original description
1942,813,316,,Original description
1591,813,316,,Original description
1621,813,317,,Original description
789,813,317,,Original description
1081,813,318,,Original description
1186,813,318,,Original description
1172,813,319,,Original description
682,813,319,,Original description
1187,813,320,,Original description
552,813,320,,Original description
1913,813,321,,Original description
1191,813,321,,Original description
495,814,136,,Original description
483,814,136,,Original description
1738,823,142,,Original description
1741,823,142,,Original description
2794,824,248,https://www.biodiversitylibrary.org/page/14788068,Original description
2796,824,248,https://www.biodiversitylibrary.org/page/14788068,Illustration
2796,824,249,https://www.biodiversitylibrary.org/page/14788069,Original description
7,829,43,https://www.biodiversitylibrary.org/page/3152045,Original description
14,829,44,https://www.biodiversitylibrary.org/page/3152046,Original description
2636,847,38,,Original description
221,842,155,,Original description
565,843,43,,Original description
573,843,44,,Original description
438,844,35,,Original description
439,844,36,,Original description
231,845,571,,Original description
1345,848,141,,Original description
2497,849,143,,Original description
2490,849,143,,Original description
1679,851,139,,Original description
1681,851,141,,Original description
1683,851,141,,Original description
143,859,67,,Original description
2395,859,67,,Original description
2316,862,476,,Original description
414,862,477,,Original description
1981,862,478,,Original description
1702,862,478,,Original description
1597,862,479,,Original description
1461,862,480,,Original description
365,875,8,,Original description
1164,895,16,,Original description
2257,896,377,,Original description
416,896,378,,Original description
743,896,379,,Original description
2781,896,384,,Original description
2765,896,384,,Original description
865,896,71,,Original description
1553,902,86,https://www.biodiversitylibrary.org/page/11974227,Original description
234,906,329,,Original description
1303,905,339,,Original description
679,905,340,,Original description
2392,901,33,,Original description
2786,911,386,,Original description
2792,911,386,,Original description
2419,911,390,,Original description
1820,910,68,,Original description
1515,914,79,,Original description
1987,918,430,,Original description
147,919,188,,Original description
2585,928,124,,Original description
1291,965,14,,Original description
2338,982,79,,Original description
2457,983,175,,Original description
2482,983,177,,Original description
2754,983,183,,Original description
2471,983,185,,Original description
1860,986,155,,Original description
1823,990,608,,Original description
698,989,1385,,Original description
734,989,1386,,Original description
1531,991,35,,Original description
1233,1002,100,,Original description
2246,1005,877,,Original description
950,1007,227,,Original description
1054,1008,752,,Original description
1118,1008,753,,Original description
1059,1008,754,,Original description
2695,1008,756,,Original description
2441,1011,249,,Original description
2432,1011,253,,Original description
2433,1011,255,,Original description
2440,1011,255,,Original description
2447,1011,256,,Original description
2438,1011,257,,Original description
2430,1011,258,,Original description
2444,1011,259,,Original description
2439,1011,260,,Original description
2449,1011,261,,Original description
2455,1011,261,,Original description
2448,1011,262,,Original description
2421,1011,263,,Original description
2429,1011,263,,Original description
2436,1011,264,,Original description
2452,1011,264,,Original description
2431,1011,265,,Original description
2434,1011,266,,Original description
2450,1011,267,,Original description
2451,1011,267,,Original description
225,1012,40,,Original description
170,1012,40,,Original description
113,1012,41,,Original description
62,1012,41,,Original description
71,1012,42,,Original description
67,1012,42,,Original description
121,1012,42,,Original description
122,1012,43,,Original description
119,1013,216,,Original description
35,1013,216,,Original description
64,1013,217,,Original description
205,1013,217,,Original description
150,1013,217,,Original description
148,1014,133,,Original description
227,1014,133,,Original description
92,1014,134,,Original description
229,1014,249,,Original description
158,1014,249,,Original description
58,1014,250,,Original description
151,1014,250,,Original description
171,1014,250,,Original description
203,1014,251,,Original description
202,1016,298,,Original description
107,1016,298,,Original description
49,1016,299,,Original description
1928,1017,169,,Original description
2045,1017,170,,Original description
636,1017,172,,Original description
2540,1017,173,,Original description
112,1018,138,,Original description
224,1018,139,,Original description
46,1018,141,,Original description
191,1018,142,,Original description
117,1018,143,,Original description
197,1019,556,,Original description
61,1019,556,,Original description
228,1019,558,,Original description
175,1019,560,,Original description
185,1019,561,,Original description
226,1021,455,,Original description
160,1021,456,,Original description
2011,1021,459,,Original description
2238,1021,464,,Original description
2151,1021,467,,Original description
412,1021,472,,Original description
331,1021,473,,Original description
1268,1021,477,,Original description
574,1021,481,,Original description
508,1021,483,,Original description
930,1021,486,,Original description
691,1021,487,,Original description
1212,1021,489,,Original description
1216,1021,489,,Original description
1219,1021,490,,Original description
2706,1022,2,,Original description
2716,1022,4,,Original description
2709,1022,5,,Original description
2719,1022,7,,Original description
2713,1022,8,,Original description
1653,1024,10,,Original description
1383,1049,764,,Original description
2062,1052,475,,Original description
2363,1052,477,,Original description
2089,1054,11,,Original description
1746,1054,13,,Original description
729,1054,23,,Original description
533,1054,24,,Original description
1651,1054,9,,Original description
1850,1055,144,,Original description
493,1057,294,,Original description
1953,1059,27,,Original description
1999,1061,84,,Original description
2353,1063,157,,Original description
1539,1063,164,,Original description
1593,1066,611,,Original description
1594,1066,612,,Original description
1595,1066,613,,Original description
1855,1066,623,,Original description
1843,1066,627,,Original description
1880,1066,630,,Original description
1857,1066,645,,Original description
2767,1076,93,https://www.biodiversitylibrary.org/page/47978881,Original description
2525,1077,26,https://www.biodiversitylibrary.org/page/47968749,Original description
2728,1077,27,https://www.biodiversitylibrary.org/page/47968750,Original description
2741,1077,27,https://www.biodiversitylibrary.org/page/47968750,Original description
2528,1077,27,https://www.biodiversitylibrary.org/page/47968750,Original description
916,1086,373,,Original description
1038,1086,374,,Original description
2665,1086,374,,Original description
3,1091,339,https://www.biodiversitylibrary.org/page/727250,Original description
4,1091,343,https://www.biodiversitylibrary.org/page/727254,Original description
1378,1091,542,,Original description
543,1091,542,,Original description
2579,1091,542,,Original description
2684,1091,542,,Original description
1,1091,9,https://www.biodiversitylibrary.org/page/726898,Original description
2053,1092,370,,Original description
1695,1092,370,,Original description
2314,1092,370,,Original description
1997,1097,255,,Original description
2139,1108,353,,Original description
2357,1108,354,,Original description
1168,1110,570,,Original description
2577,1110,570,,Original description
2581,1110,571,,Original description
1248,1111,409,,Original description
1197,1113,79,,Original description
929,1118,36,,Original description
1242,1124,197,,Original description
1712,1130,58,,Original description
872,1131,1056,,Original description
1817,1131,No. 2060,,Original description
1833,1131,No. 2061,,Original description
1307,1131,No. 2062,,Original description
1521,1131,No. 2063,,Original description
1918,1131,No. 2064,,Original description
1602,1131,No. 2067,,Original description
1665,1131,No. 2068,,Original description
1713,1131,No. 2069,,Original description
2049,1131,No. 2070,,Original description
1280,1131,No. 2071,,Original description
845,1131,No. 2074,,Original description
1176,1131,No. 2075,,Original description
523,1131,No. 2076,,Original description
524,1131,No. 2077,,Original description
855,1131,No. 2078,,Original description
525,1131,No. 2079,,Original description
526,1131,No. 2080,,Original description
1243,1131,No. 2081,,Original description
1955,1131,No. 2082,,Original description
382,1131,No. 2083,,Original description
383,1131,No. 2085,,Original description
797,1135,2,,Original description
1236,1145,10,,Original description
1229,1145,4,,Original description
1244,1145,6,,Original description
346,1138,62,,Original description
1300,1155,85,,Original description
1560,1155,86,,Original description
1177,1155,87,,Original description
2155,1157,176,,Original description
1925,1157,177,,Original description
1890,1157,179,,Original description
1842,1157,180,,Original description
2205,1157,183,,Original description
1163,1157,185,,Original description
2065,1159,269,,Original description
1376,1160,206,,Original description
1194,1163,129,,Original description
1058,1163,130,,Original description
714,1163,131,,Original description
1035,1163,131,,Original description
1153,1165,109,,Original description
1105,1165,110,,Original description
599,1165,110,,Original description
1103,1165,110,,Original description
1124,1165,111,,Original description
2225,1165,112,,Original description
1876,1165,112,,Original description
2675,1171,124,,Original description
1944,1171,125,,Original description
1948,1171,126,,Original description
2288,1171,126,,Original description
1588,1171,126,,Original description
1579,1171,129,,Original description
2163,1174,10,,Original description
390,1174,11,,Original description
2484,1174,12,,Original description
1543,1174,13,,Original description
1534,1174,14,,Original description
1514,1174,14,,Original description
1405,1174,15,,Original description
1413,1174,16,,Original description
1414,1174,16,,Original description
2137,1174,17,,Original description
1750,1174,18,,Original description
2303,1174,19,,Original description
364,1174,19,,Original description
2250,1174,20,,Original description
2483,1174,7,,Original description
2132,1174,8,,Original description
1415,1175,266,,Original description
2785,1175,267,,Original description
2787,1175,267,,Original description
2374,1176,239,,Original description
2391,1176,240,,Original description
557,1178,488,,Original description
1221,1178,489,,Original description
1520,1177,1113,https://www.biodiversitylibrary.org/page/6241411,Original description
2574,1179,12,,Original description
1557,1181,278,,Original description
1936,1180,217,,Original description
1567,1183,231,,Original description
2157,1182,582,,Original description
1443,1182,582,,Original description
2747,1182,582,,Original description
2498,1184,134,,Original description
1967,1184,135,,Original description
1828,1184,135,,Original description
153,1184,136,,Original description
1938,1187,113,https://www.biodiversitylibrary.org/page/9975197,Original description
2210,1185,146,,Original description
1998,1189,10,,Original description
2486,1189,471,,Original description
1537,1189,472,,Original description
247,1189,473,,Original description
241,1189,474,,Original description
2789,1189,474,,Original description
2793,1189,475,,Original description
2790,1189,476,,Original description
1450,1189,476,,Original description
1502,1189,477,,Original description
2427,1189,478,https://www.biodiversitylibrary.org/page/13535020,"Original description (dated 1907, but published in 1908)"
2418,1189,479,,Original description
2446,1189,479,,Original description
2437,1189,480,,Original description
2442,1189,480,,Original description
1991,1189,481,,Original description
1951,1189,482,,Original description
2404,1189,483,,Original description
2099,1189,484,,Original description
2383,1189,486,,Original description
1954,1189,487,,Original description
407,1189,487,,Original description
1911,1189,488,,Original description
2690,1189,489,,Original description
2642,1189,490,,Original description
1259,1189,491,,Original description
568,1189,491,,Original description
463,1189,492,,Original description
358,1189,493,,Original description
465,1189,493,,Original description
1113,1189,494,,Original description
1107,1189,494,,Original description
980,1189,495,,Original description
803,1189,495,,Original description
1026,1189,496,,Original description
1053,1189,496,,Original description
782,1189,497,,Original description
693,1189,497,,Original description
969,1189,498,,Original description
1074,1189,498,,Original description
945,1189,499,,Original description
1069,1189,499,,Original description
1171,1189,500,,Original description
536,1189,501,,Original description
660,1189,501,,Original description
702,1189,502,,Original description
626,1189,503,,Original description
627,1189,503,,Original description
2301,1189,504,,Original description
1214,1189,511,,Original description
334,1189,730,,Original description
1322,1189,78,,Original description
1784,1190,13,,Original description
1440,1191,1,,Original description
1429,1191,2,,Original description
1436,1191,2,,Original description
437,1191,3,,Original description
607,1191,3,https://www.biodiversitylibrary.org/page/50494888,Original description
2829,1895,20,,New combination
706,1191,3,,Original description
126,1191,4,,Original description
343,1191,4,,Original description
57,1193,349,,Original description
1922,1193,365,,Original description
560,1193,366,,Original description
515,1193,366,,Original description
56,1193,367,,Original description
1969,1197,411,,Original description
1468,1198,217,,Original description
1946,1194,367,,Original description
255,1199,104,,Original description
236,1199,105,,Original description
360,1199,106,,Original description
1505,1199,218,,Original description
561,1199,219,,Original description
461,1199,219,,Original description
972,1199,220,,Original description
973,1199,220,,Original description
775,1199,220,,Original description
839,1199,220,,Original description
1535,1203,53,,Original description
1643,1203,54,,Original description
1066,1203,54,,Original description
104,1203,55,,Original description
2795,1203,55,,Original description
1042,1206,170,https://www.biodiversitylibrary.org/page/14687335,Original description
288,1207,105,,Original description
1480,1207,105,,Original description
248,1207,106,,Original description
1542,1207,106,,Original description
256,1207,107,,Original description
238,1207,108,,Original description
251,1207,108,,Original description
2802,1207,109,,Original description
2026,1207,109,,Original description
2417,1207,110,,Original description
2375,1207,111,,Original description
2555,1207,111,,Original description
2711,1207,111,,Original description
741,1207,112,,Original description
1071,1207,112,,Original description
478,1207,112,,Original description
628,1207,113,,Original description
830,1207,113,,Original description
1373,1205,267,,Original description
481,1205,267,,Original description
372,1205,268,,Original description
974,1205,268,,Original description
670,1205,268,,Original description
514,1205,268,,Original description
2443,1210,46,,Original description
1457,1210,46,,Original description
2307,1210,47,,Original description
1807,1211,557,,Original description
1459,1211,557,,Original description
2072,1211,558,,Original description
1814,1211,558,,Original description
2020,1211,559,,Original description
2369,1211,559,,Original description
1438,1212,1,,Original description
818,1212,2,,Original description
1988,1212,39,https://www.biodiversitylibrary.org/page/56561444,Original description
1369,1213,1,,Original description
2010,1215,38,https://www.biodiversitylibrary.org/page/56561443,Original description
2056,1215,39,https://www.biodiversitylibrary.org/page/56561444,Original description
2040,1215,40,https://www.biodiversitylibrary.org/page/56561445,Original description
712,1215,41,https://www.biodiversitylibrary.org/page/56561446,Original description
2638,1215,41,https://www.biodiversitylibrary.org/page/56561446,Original description
2232,1215,43,https://www.biodiversitylibrary.org/page/56561448,Original description
161,1215,44,https://www.biodiversitylibrary.org/page/56561448,Original description
1400,1214,273,,Original description
1506,1214,274,,Original description
584,1214,274,,Original description
2817,1216,49,,Original description
1401,1216,49,,Original description
432,1216,50,,Original description
577,1216,50,,Original description
489,1216,50,,Original description
266,1189,417,,Original description
275,1189,418,,Original description
242,1189,418,,Original description
273,1189,419,,Original description
277,1189,419,,Original description
279,1189,420,,Original description
1798,1189,420,,Original description
1800,1189,420,,Original description
1205,1189,421,,Original description
1022,1189,421,,Original description
2557,1189,421,https://www.biodiversitylibrary.org/page/9808843,Original description
1762,1189,422,,Original description
899,1189,422,,Original description
556,1189,422,,Original description
100,1189,423,,Original description
317,1189,423,,Original description
1792,1189,423,,Original description
1728,1219,548,,Original description
522,1219,549,,Original description
2558,1219,549,,Original description
2768,1219,549,,Original description
2621,1219,549,,Original description
2178,1219,550,,Original description
2626,1220,44,,Original description
2559,1223,277,,Original description
2032,1225,1,,Original description
1638,1225,2,,Original description
2788,1224,92,,Original description
2019,1224,93,,Original description
1338,1224,93,,Original description
1993,1224,94,,Original description
2005,1224,94,,Original description
1048,1224,94,,Original description
68,1224,95,,Original description
182,1224,95,,Original description
2605,1226,206,,Original description
2760,1226,206,,Original description
95,1226,207,,Original description
1456,1228,296,,Original description
2399,1228,297,,Original description
1802,1228,297,,Original description
2119,1228,298,,Original description
2057,1228,298,,Original description
615,1228,299,,Original description
1089,1228,299,,Original description
1099,1228,299,,Original description
727,1228,300,,Original description
1050,1228,300,,Original description
1111,1228,300,,Original description
2331,1228,301,,Original description
1417,1229,276,,Original description
937,1229,276,,Original description
1273,1230,325,,Original description
2266,1231,301,,Original description
2265,1231,570,,Original description
141,1235,461,,Original description
488,1235,507,,Original description
2635,1235,708,,Original description
1810,1237,564,,Original description
1469,1237,564,,Original description
1482,1237,564,,Original description
257,1237,565,,Original description
1295,1237,565,,Original description
1672,1237,566,,Original description
2104,1237,566,,Original description
1687,1237,567,,Original description
2549,1237,567,,Original description
2622,1237,567,,Original description
760,1237,568,,Original description
539,1237,568,,Original description
474,1237,568,,Original description
459,1237,568,,Original description
616,1237,569,,Original description
932,1237,569,,Original description
1137,1237,569,,Original description
884,1237,570,,Original description
666,1237,570,,Original description
1836,1242,379,,Original description
2079,1242,379,,Original description
1764,1242,380,,Original description
786,1242,380,,Original description
1763,1243,277,,Original description
496,1243,277,,Original description
2043,1216,176,,Original description
1211,1216,176,,Original description
6,1245,248,https://stangeia.hobern.net/?p=57,Original description
8,1245,248,https://stangeia.hobern.net/?p=57,Original description
1529,1245,249,,Original description
11,1245,249,https://stangeia.hobern.net/?p=57,Original description
15,1245,249,https://stangeia.hobern.net/?p=57,Original description
1984,1245,250,,Original description
1752,1245,250,,Original description
1733,1245,251,,Original description
370,1245,251,,Original description
687,1245,251,,Original description
805,1245,251,,Original description
345,1245,252,,Original description
2041,1218,334,,Original description
1963,1218,334,,Original description
2058,1218,334,,Original description
2042,1218,335,,Original description
1208,1218,335,,Original description
2407,1218,336,,Original description
1565,1244,108,,Original description
1476,1244,108,,Original description
1956,1244,109,,Original description
1992,1244,109,,Original description
2336,1244,109,,Original description
1442,1246,425,,Original description
2691,1246,425,,Original description
106,1246,426,,Original description
1736,1250,402,,Original description
1726,1250,403,,Original description
1821,1251,45,,Original description
1822,1251,46,,Original description
879,1251,46,,Original description
2799,1251,554,,Original description
433,1251,555,,Original description
1516,1252,625,,Original description
801,1252,626,,Original description
1266,1226,63,,Original description
1673,1226,64,,Original description
429,1226,64,,Original description
430,1226,64,,Original description
1451,1230,118,,Original description
1930,1231,135,,Original description
2031,1231,154,,Original description
796,1231,155,,Original description
967,1256,170,,Original description
473,1256,170,,Original description
1924,1258,503,,Original description
1024,1258,504,,Original description
2027,1259,4,,Original description
1477,1260,3,,Original description
1379,1266,65,,Original description
1351,1267,333,https://www.biodiversitylibrary.org/page/52217960,Original description
1258,1267,89,,Original description
964,1268,418,,Original description
409,1269,380,,Original description
138,1270,167,https://www.biodiversitylibrary.org/page/8234055,Original description
194,1270,167,https://www.biodiversitylibrary.org/page/8234055,Original description
79,1270,168,https://www.biodiversitylibrary.org/page/8234056,Original description
1352,1272,176,,Original description
2477,1272,177,,Original description
977,1297,235,,Original description
444,1297,236,,Original description
2597,1303,143,,Original description
1463,1304,145,,Original description
635,1305,345,,Original description
450,1305,346,,Original description
487,1305,346,,Original description
445,1305,346,,Original description
1697,1306,213,,Original description
745,1312,119,,Original description
1328,1312,553,,Original description
422,1313,446,,Original description
1333,1317,808,,Original description
2295,1330,468,,Original description
2280,1335,170,,Original description
2567,1335,174,,Original description
2296,1349,134,,Original description
2297,1349,134,,Original description
2298,1349,134,,Original description
2299,1350,53,,Original description
2300,1350,56,,Original description
207,1366,25,,Original description
2617,949,113,,Original description
550,1379,265,https://www.biodiversitylibrary.org/page/16078146,Original description
1708,1379,266,,Original description
1084,1379,266,,Original description
1558,1382,239,,Original description
1416,1382,239,,Original description
868,1382,240,,Original description
793,1382,240,,Original description
2681,1382,240,,Original description
250,1382,241,,Original description
2088,1399,253,,Original description
2258,1406,515,,Original description
2103,1407,296,,Original description
700,1407,296,,Original description
2030,1408,149,,Original description
2819,1408,150,https://www.biodiversitylibrary.org/page/33596231,Original description
1571,1409,485,,Original description
1661,1411,46,,Original description
1897,1417,9,,Original description
29,1448,29,,"Original description, male, female genitalia"
211,1448,30,,"Original description, male genitalia"
695,1450,113,https://www.biodiversitylibrary.org/page/35764575,Original description
1159,1451,230,https://www.biodiversitylibrary.org/page/35764692,Original description
48,1455,114,,Original description
2536,1455,115,,Original description
2776,1457,188,,Original description
392,1458,108,,Original description
1698,1459,323,,Original description
1428,1460,114,,Original description
348,1460,114,,Original description
252,1460,115,,Original description
2548,1462,107,,Original description
588,1463,266,,Original description
1492,1464,272,,Original description
2248,1467,188,,Original description
1989,1471,10,,Original description
1990,1471,10,,Original description
2319,1471,11,,Original description
2315,1479,35,,Original description
1940,1485,180,,Original description
1743,1493,1791,,Original description
1420,1493,1797,,Original description
1403,1493,1798,,Original description
1478,1493,1799,,Original description
650,1496,232,,Original description
1699,1498,220,,Original description
1706,1498,54,,Original description
1832,1510,3,,Original description
2179,1525,74,,Original description
2606,1547,"Tab. 104, figs. 2, 3",https://www.biodiversitylibrary.org/page/24630559,Original description
2191,1549,257,,Original description
2685,1549,257,,Original description
1087,1553,311,,Original description
2397,1554,11,,Original description
2575,1566,115,,Original description
1601,1575,182,https://www.biodiversitylibrary.org/page/27935178,Original description
2162,1575,184,https://www.biodiversitylibrary.org/page/27935180,Original description
1874,1575,184,https://www.biodiversitylibrary.org/page/27935180,Original description
1908,1575,187,https://www.biodiversitylibrary.org/page/27935183,Original description
2284,1575,189,https://www.biodiversitylibrary.org/page/27935185,Original description
2255,1575,191,https://www.biodiversitylibrary.org/page/27935187,Original description
380,1575,193,https://www.biodiversitylibrary.org/page/27935189,Original description
826,1575,195,https://www.biodiversitylibrary.org/page/27935191,Original description
1633,1574,54,,Original description
2678,1574,56,,Original description
1935,1579,34,,Original description
2195,1595,28,,Original description
2209,1595,28,,Original description
1453,1595,28,,Original description
1347,1595,28,,Original description
1327,1601,514,,Original description
2234,1604,280,,Original description
401,1607,326,,Original description
427,1607,327,,Original description
2774,1606,282,,Original description
2554,1608,432,,Original description
2688,1608,433,,Original description
2782,1609,300,,Original description
1768,1611,114,,Original description
2014,1613,342 (No. 3127a),https://www.biodiversitylibrary.org/page/10018591,Original description
2292,1617,98,,Original description
20,1619,369,https://www.biodiversitylibrary.org/page/8185738,Original description
1996,1619,372,https://www.biodiversitylibrary.org/page/8185744,Original description
2546,1619,373,https://www.biodiversitylibrary.org/page/8185742,Original description
2517,1619,373,https://www.biodiversitylibrary.org/page/8185742,Original description
472,1619,374,https://www.biodiversitylibrary.org/page/8185743,Original description
1182,1619,375,,Original description
2699,1623,63,,Original description
1966,1623,64,,Original description
2140,1623,64,,Original description
2068,1623,65,,Original description
2069,1623,65,,Original description
2138,1623,66,,Original description
1431,1623,66,,Original description
870,1622,130,,Original description
1950,1624,15,,Original description
2634,1624,15,,Original description
736,1625,89,,Original description
1980,1626,163,,Original description
2174,1628,181,,Original description
2330,1631,81,,Original description
1201,1632,183,,Original description
2283,1642,366,https://www.biodiversitylibrary.org/page/13329193,Original description
1489,1652,93,,Original description
2810,1653,205,,Original description
2649,1654,223,,Original description
1703,1654,225,,Original description
2227,1654,233,,Original description
1234,1654,238,,Original description
1179,1654,245,,Original description
1180,1654,246,,Original description
738,1654,247,,Original description
2481,1654,251,,Original description
130,1657,149,,Original description
195,1657,150,,Original description
2561,1658,66,,Original description
2393,1658,67,,Original description
564,1659,335,,Original description
131,1659,337,,Original description
2326,1660,210,,Original description
2510,1662,129,,Original description
1648,1663,160,,Original description
1710,1672,293,,Original description
1916,1674,37,,Original description
1675,1674,37,,Original description
2165,1674,37,,Original description
1284,1674,37,,Original description
1269,1674,37,,Original description
578,1674,37,,Original description
869,1674,37,,Original description
1151,1674,37,,Original description
516,1674,37,,Original description
441,1674,37,,Original description
2600,1674,37,,Original description
2512,1674,37,,Original description
2751,1674,37,,Original description
17,1676,127,https://www.biodiversitylibrary.org/page/39246190,Original description
22,1676,128,https://www.biodiversitylibrary.org/page/39246191,Original description
23,1676,129,https://www.biodiversitylibrary.org/page/39246192,Original description
139,1676,137,,Original description
327,1676,156,https://www.biodiversitylibrary.org/page/39246219,Original description
1839,1676,160,,Original description
2055,1676,177,,Original description
1374,1676,411,,Original description
1332,1676,449,,Original description
1507,1676,492,,Original description
84,1681,85,,Original description
1723,1684,349,,Original description
2007,1684,352,,Original description
2000,1684,354,,Original description
2012,1684,355,,Original description
1691,1684,358,,Original description
419,1684,364,,Original description
2236,1684,369,,Original description
2340,1684,374,,Original description
378,1684,378,,Original description
1447,1684,385,,Original description
558,1684,405,,Original description
571,1684,405,,Original description
2700,1684,407,,Original description
2701,1684,407,,Original description
2244,1690,12,,Original description
2213,1690,15,,Original description
1613,1690,17,,Original description
393,1690,18,,Original description
2603,1690,20,,Original description
2590,1690,22,,Original description
2588,1692,25,,Original description
2593,1692,30,,Original description
1040,1697,42,,Original description
2435,1698,6,,Original description
325,1701,245,,Original description
263,1701,246,,Original description
1485,1704,358,,Original description
1483,1704,358,,Original description
1927,1699,693,,Original description
2237,1699,694,,Original description
2277,1699,695,,Original description
2146,1699,696,,Original description
1356,1699,697,,Original description
333,1699,700,,Original description
1255,1699,700,,Original description
572,1699,701,,Original description
2618,1699,703,,Original description
2697,1708,1251,,Original description
2632,1708,1255,,Original description
2661,1708,1255,,Original description
332,1705,198,,Original description
1926,1710,109,,Original description
2051,1710,110,,Original description
507,1709,167,,Original description
506,1709,169,,Original description
851,1709,171,,Original description
1971,1721,2,,Original description
2048,1721,4,,Original description
2033,1712,267,,Original description
2495,1724,356,,Original description
604,1724,356,,Original description
2608,1732,522,,Original description
1776,1735,428,,Original description
1775,1736,404,,Original description
2412,1746,170,,Original description
1290,1748,535,,Original description
176,1763,927,,Original description
262,1763,929,,Original description
2123,1763,930,,Original description
1569,1763,931,,Original description
1606,1763,931,,Original description
1748,1763,933,,Original description
2153,1763,933,,Original description
1564,1763,934,,Original description
2135,1763,934,,Original description
1819,1763,935,,Original description
1455,1763,935,,Original description
1894,1763,940,,Original description
813,1763,941,,Original description
592,1763,941,,Original description
593,1763,941,,Original description
2401,1763,942,,Original description
549,1763,942,,Original description
2252,1763,943,,Original description
1524,1763,943,,Original description
1408,1763,943,,Original description
1409,1763,943,,Original description
2348,1763,944,,Original description
1410,1763,944,,Original description
2136,1763,945,,Original description
2647,1763,945,,Original description
1562,1763,946,,Original description
2629,1763,948,,Original description
2664,1763,949,,Original description
2655,1763,949,,Original description
2656,1763,949,,Original description
2508,1763,950,,Original description
2646,1763,950,,Original description
2673,1763,950,,Original description
580,1763,951,,Original description
954,1763,951,,Original description
2127,1763,952,,Original description
2129,1763,952,,Original description
1078,1764,193,,Original description
1658,1767,10,,Original description
1547,1767,13,https://www.biodiversitylibrary.org/page/2566921,Original description
1467,1767,16,,Original description
2160,1767,18,,Original description
2318,1767,18,,Original description
1148,1767,19,,Original description
579,1767,21,,Original description
1220,1769,96,,Original description
1660,1769,96,https://www.biodiversitylibrary.org/page/11924584,Original description
1848,1771,10,,Original description
1900,1771,10,,Original description
1844,1771,11,,Original description
1846,1771,13,,Original description
1869,1771,16,,Original description
1841,1771,17,,Original description
1888,1771,18,,Original description
1590,1771,21,,Original description
1317,1771,26,,Original description
2220,1771,32,,Original description
1170,1771,34,,Original description
1174,1771,35,,Original description
1162,1771,35,,Original description
1190,1771,37,,Original description
993,1771,41,,Original description
992,1771,43,,Original description
824,1771,44,,Original description
1085,1771,48,,Original description
1709,1771,5,,Original description
1080,1771,53,,Original description
807,1771,54,,Original description
1761,1771,55,,Original description
454,1771,57,,Original description
477,1771,59,,Original description
1872,1771,6,,Original description
1363,1771,60,,Original description
1532,1771,62,,Original description
1538,1771,64,,Original description
2023,1771,8,,Original description
2416,1772,278,,Original description
2145,1772,279,,Original description
397,1772,281,,Original description
586,1772,282,,Original description
513,1772,283,,Original description
260,1774,175,,Original description
339,1775,885,,Original description
867,1280,527,https://www.biodiversitylibrary.org/page/9340656,Original description
290,1777,217,https://www.biodiversitylibrary.org/page/9013634,Original description
307,1777,218,https://www.biodiversitylibrary.org/page/9013634,Original description
291,1777,241,https://www.biodiversitylibrary.org/page/9013658,Original description
301,1777,241,https://www.biodiversitylibrary.org/page/9013658,Original description
303,1777,242,https://www.biodiversitylibrary.org/page/9013659,Original description
2805,1777,259,https://www.biodiversitylibrary.org/page/9013660,Original description
2807,1777,259,https://www.biodiversitylibrary.org/page/9013660,Original description
2405,1776,262,https://www.biodiversitylibrary.org/page/9013678,Original description
2408,1776,262,https://www.biodiversitylibrary.org/page/9013679,Original description
1667,1782,35,,Original description
1670,1782,35,https://www.biodiversitylibrary.org/page/14682936,Original description
355,1781,59,,Original description
959,1781,60,,Original description
2459,1784,131,,Original description
146,1785,1,,Original description
1223,1785,542,,Original description
2500,1785,75,,Original description
2523,1787,915,,Original description
2571,1787,916,,Original description
2537,1787,917,,Original description
994,1787,920,,Original description
189,1787,922,,Original description
2376,1788,475,,Original description
281,1790,435,,Original description
1398,1790,435,,Original description
2130,1790,436,,Original description
399,1790,438,,Original description
2712,1790,439,,Original description
754,1790,440,,Original description
752,1790,441,,Original description
921,1790,441,,Original description
1076,1790,441,,Original description
1101,1790,442,,Original description
1109,1790,443,,Original description
816,1790,444,,Original description
1122,1790,444,,Original description
1000,1790,445,,Original description
1001,1790,445,,Original description
1020,1790,445,,Original description
1003,1790,447,,Original description
518,1790,447,,Original description
883,1790,448,,Original description
2769,1795,213,,Original description
2770,1795,214,,Original description
289,1796,205,,Original description
696,1801,29,,Original description
2235,1815,217,,Original description
2547,1813,376,,Original description
193,1823,440,https://www.biodiversitylibrary.org/page/25159471,Original description
1525,1823,441,,Original description
764,1826,6,,Original description
410,1827,1,,"Original description; habitus, male and female genitalia drawings"
2016,1829,137,,Original description
1527,1830,87,,Original description
1530,1830,88,,Original description
1720,1831,151,,Original description
941,1831,154,,Original description
1824,1832,73,,Original description
1646,1835,103,,Original description
2009,1835,113,,Original description
2028,1835,118,,Original description
1603,1835,124,,Original description
1584,1835,125,,Original description
1892,1835,126,,Original description
597,1835,176,,Original description
860,1835,178,,Original description
746,1835,179,,Original description
873,1835,180,,Original description
2623,1835,200,,Original description
2166,1835,88,,Original description
2171,1835,89,,Original description
2167,1835,92,,Original description
2321,1835,93,,Original description
1968,1834,851,,Original description
243,1834,857,,Original description
1830,1834,859,,Original description
2679,1834,864,,Original description
2142,1834,868,,Original description
1610,1839,36,,Original description
641,1844,335,,Original description
402,1847,212,,Original description
1886,1848,119,,Original description
1902,1848,120,,Original description
1905,1848,121,,Original description
1717,1849,46,,Original description
184,1850,785,,Original description
1133,1850,786,,Original description
74,1855,77,,Original description
435,1855,81,,Original description
2324,1855,85,,Original description
1493,1855,87,,Original description
2733,1855,91,,Original description
2729,1855,93,,Original description
1250,1856,363,,Original description
115,1857,110,,Original description
114,1857,112,,Original description
219,1857,113,,Original description
60,1861,37,,Original description
223,1864,130,,Original description
87,1867,128,,Original description
149,1867,130,,Original description
88,1867,133,,Original description
83,1868,36,,Original description
52,1868,38,,Original description
2061,1868,39,,Original description
2564,1868,40,,Original description
1688,1869,688,,Original description
923,1869,691,,Original description
1358,1870,277,,Original description
1276,1870,277,,Original description
1277,1870,277,,Original description
21,1871,763,https://www.biodiversitylibrary.org/page/13238935,Original description
1915,1871,764,,Original description
1441,1871,765,,Original description
1693,1871,767,,Original description
2613,1871,768,https://www.biodiversitylibrary.org/page/13238937,Original description
27,1871,771,,Original description
1656,1871,774,,Original description
2612,1871,774,https://www.biodiversitylibrary.org/page/13238940,Original description
1934,1871,777,,Original description
2013,1871,778,,Original description
2054,1871,781,,Original description
1884,1871,783,,Original description
1466,1871,789,,Original description
1462,1871,793,,Original description
1446,1871,827,,Original description
405,1871,833,,Original description
961,1871,851,,Original description
2764,1871,859,,Original description
2464,1871,860,,Original description
2518,1871,861,,Original description
2347,1873,38,,Original description
326,1873,755,,Original description
16,1873,755,https://www.biodiversitylibrary.org/page/13238931,Original description
137,1872,898,,Original description
209,1872,899,,Original description
166,1872,899,,Original description
78,1872,900,,Original description
1335,1872,902,,Original description
1313,1872,903,,Original description
1349,1872,903,,Original description
2177,1872,904,,Original description
2552,1872,905,,Original description
1511,1872,907,,Original description
563,1874,211,https://www.biodiversitylibrary.org/page/34518236,Original description
99,1875,322,,Original description
1995,1875,328,,Original description
1523,1875,346,,Original description
2144,1875,348,,Original description
2196,1875,361,,Original description
2328,1875,374,,Original description
2329,1875,374,,Original description
2264,1875,375,,Original description
864,1875,380,,Original description
832,1875,384,,Original description
2553,1875,396,,Original description
2620,1875,397,,Original description
2503,1875,399,,Original description
2504,1875,399,,Original description
1512,1875,401,,Original description
233,1875,402,,Original description
259,1875,402,,Original description
2161,1878,326,https://www.biodiversitylibrary.org/page/33831393,Original description
581,1878,331,,Original description
1149,1878,331,,Original description
1659,1878,332,https://www.biodiversitylibrary.org/page/33831399,Original description
1707,1878,333,,Original description
1965,1878,334,,Original description
2766,1877,386,,Original description
1962,1876,411,,Original description
1574,1876,412,,Original description
2015,1882,139,,Original description
1941,1882,318,,Original description
1448,1882,320,,Original description
363,1882,324,,Original description
828,1882,325,,Original description
976,1882,326,,Original description
1386,1882,332,,Original description
2355,1883,442,,Original description
811,1883,445,,Original description
1185,1883,445,,Original description
2705,1883,447,,Original description
1749,1884,13,,Original description
2086,1884,460,,Original description
2365,1884,462,,Original description
2388,1884,464,,Original description
2385,1884,466,,Original description
1760,1884,"469, pl. 6",,Original description
2334,1884,471,,Original description
773,1884,472,,Original description
947,1884,473,,Original description
777,1884,475,,Original description
710,1884,477,,Original description
862,1884,479,,Original description
499,1884,480,,Original description
996,1884,481,,Original description
943,1884,482,,Original description
956,1884,484,,Original description
2657,1884,485,,Original description
2783,1886,129,,Original description
2186,1886,42,,Original description
2343,1887,22,,Original description
1599,1888,1012,,Original description
962,1888,1013,https://www.biodiversitylibrary.org/page/8317244,Original description
1756,1889,399,,Original description
1742,1889,400,,Original description
1614,1889,404,,Original description
2350,1889,407,,Original description
2001,1706,137,,Original description
1238,1706,139,,Misspelling
1238,1706,600,,Identifies Pselnophorus huntii as correct spelling
1251,1706,139,,Original description
1237,1706,139,,Original description
2515,1706,140,,Original description
128,1703,269,,Original description
187,1703,269,,Original description
1319,1703,273,,Original description
2473,1703,275,,Original description
1097,1866,360,,Original description
2242,1866,362,,Original description
1324,1866,366,,Original description
18,945,429,https://www.biodiversitylibrary.org/page/33045468,Original description
1914,945,429,https://www.biodiversitylibrary.org/page/33045468,Original description
2159,945,430,,Original description
1545,945,430,https://www.biodiversitylibrary.org/page/33045469,Original description
1546,945,430,https://www.biodiversitylibrary.org/page/33045469,Original description
2611,945,430,https://www.biodiversitylibrary.org/page/33045469,Original description
2545,945,431,https://www.biodiversitylibrary.org/page/33045470,Original description
2820,917,98,https://www.biodiversitylibrary.org/page/31995013,Original description
2821,799,22,https://www.biodiversitylibrary.org/page/18658340,Original description
316,1717,22,,Original description
1152,1148,12,,Original description
624,1148,15,,Original description
885,1148,16,,Original description
1815,1148,6,,Original description
2325,1737,2,,Original description
2472,1718,20,,Original description
647,1714,379,,Original description
848,1719,166,,Original description
19,459,471,https://www.biodiversitylibrary.org/page/8222657,Original description
41,459,471,https://www.biodiversitylibrary.org/page/8222657,Original description
129,459,258,https://www.biodiversitylibrary.org/page/8985511,Original description
421,459,258,https://www.biodiversitylibrary.org/page/8985512,Original description
833,459,258,https://www.biodiversitylibrary.org/page/8985512,Original description
991,459,258,https://www.biodiversitylibrary.org/page/8985512,Original description
2530,459,259,https://www.biodiversitylibrary.org/page/8985513,Original description
1714,459,4: 375,https://www.biodiversitylibrary.org/page/8185744,Original description
2780,459,6: 161,https://www.biodiversitylibrary.org/item/34107,Original description
1933,459,9:VII: 37-38,https://www.biodiversitylibrary.org/page/28025043,Original description
26,459,9:VII:32-34,https://www.biodiversitylibrary.org/page/28025043,Original description
200,943,54,https://www.biodiversitylibrary.org/page/9020299,Original description
1598,943,"9:  5, figures 35,36",https://www.biodiversitylibrary.org/page/28025043,Original description
2687,943,"9: 1, figure 1",https://www.biodiversitylibrary.org/page/28025031,Original description
545,943,"9: 1, figure 4",https://www.biodiversitylibrary.org/page/28025031,Original description
2544,943,"9: 1, figure 5",https://www.biodiversitylibrary.org/page/28025031,Original description
415,943,"9: 3, figures 14,15",https://www.biodiversitylibrary.org/page/28025035,Original description
1095,943,"9: 4, figure 17",https://www.biodiversitylibrary.org/page/28025037,Original description
678,943,"9: 4, figures 19,20",https://www.biodiversitylibrary.org/page/28025037,Original description
737,943,"9: 4, figures 21,22",https://www.biodiversitylibrary.org/page/28025037,Original description
2317,943,"9: 5, figure 25",https://www.biodiversitylibrary.org/page/28025035,Original description
1551,943,"9: 5, figures 23,24",https://www.biodiversitylibrary.org/page/28025039,Original description
471,943,"9: 5, figures 26,27",https://www.biodiversitylibrary.org/page/28025039,Original description
1937,644,329,https://www.biodiversitylibrary.org/page/33379939,Original description
1945,1357,300,https://www.biodiversitylibrary.org/page/30707790,Original description
2592,1371,50,,Original description
1536,1099,94,https://www.biodiversitylibrary.org/page/13928132,Original description
2609,944,2,https://www.biodiversitylibrary.org/page/12056378,Original description
2610,946,80,https://www.biodiversitylibrary.org/page/33044981,Original description
2474,1854,176,,Original description
2478,1854,180,,Original description
1297,1854,360,,Original description
546,27,84,https://www.biodiversitylibrary.org/page/9238438,Original description
544,898,336,,Original description
1181,462,263,https://www.biodiversitylibrary.org/page/2351832,Original description
821,1248,28,,Original description
1230,131,237,,Original description
1227,846,62,,Original description
1249,25,32,https://www.biodiversitylibrary.org/page/47933062,Original description
2214,1308,113,,Original description
1232,1308,59,,Original description
249,1773,243,https://www.biodiversitylibrary.org/page/9635728,Original description
2164,183,85,https://www.biodiversitylibrary.org/page/37353366,Original description
2189,132,128,,Original description
2826,1488,728,https://www.biodiversitylibrary.org/page/8687067,Original description
2825,1761,71,https://www.biodiversitylibrary.org/page/29838606,Original description
2824,1096,53,https://www.biodiversitylibrary.org/page/35782039,Original description
2822,378,88,https://www.biodiversitylibrary.org/page/49584467,Original description
2823,446,347,https://www.biodiversitylibrary.org/page/5503073,Original description
2652,776,87,,Original description
2245,135,135,,Original description
2285,135,137,,Original description
2349,1881,323,https://www.biodiversitylibrary.org/page/16411990,Original description
2281,1502,209,https://www.biodiversitylibrary.org/page/3828977,Original description
2269,733,79,,Original description
434,384,378,,Original description
417,1027,51,https://www.biodiversitylibrary.org/page/25457767,Original description
2827,1756,154,https://www.biodiversitylibrary.org/page/38965890,Original description
2133,396,113,https://www.biodiversitylibrary.org/page/9460587,Original description
2,1755,4,https://www.biodiversitylibrary.org/page/11149394,Original description
611,1020,200,,Original description
2247,1727,322,,Original description
1533,184,9: 396,https://www.biodiversitylibrary.org/page/9908514,Original description
1533,1676,491,https://www.biodiversitylibrary.org/page/39246560,
2622,747,797,,"Synonymisation after review of type specimen of Alucita endophaea Meyrick, 1930"
1628,1010,95,,Original description
1623,1010,96,,Original description
1626,1010,96,,Original description
1629,1010,97,,Original description
1631,1010,99,,"Original description, male genitalia drawing"
1630,1010,100,,"Original description, female genitalia drawing"
812,764,605,,Placed in male genitalia group B01
920,764,606,,Placed in male genitalia group B01
970,764,606,,Placed in male genitalia group B01
609,764,607,,Placed in male genitalia group B02
946,764,608,,Placed in male genitalia group B02
995,764,609,,Placed in male genitalia group B03
1019,764,609,,Placed in male genitalia group B03
1031,764,610,,Placed in male genitalia group B03
751,764,611,,Placed in male genitalia group B05
931,764,612,,Placed in male genitalia group B05
957,764,613,,Placed in male genitalia group B05
975,764,613,,Placed in male genitalia group B05
1027,764,614,,Placed in male genitalia group B05
1068,764,615,,Placed in male genitalia group B05
1082,764,616,,Placed in male genitalia group B05
640,764,616,,Placed in male genitalia group B07
672,764,617,,Placed in male genitalia group B07
968,764,618,,Placed in male genitalia group B07
808,764,619,,Placed in male genitalia group B09
740,764,620,,Placed in male genitalia group C01
804,764,620,,Placed in male genitalia group C01
978,764,621,,Placed in male genitalia group C02
1051,764,622,,Placed in male genitalia group C02
591,764,623,,Placed in male genitalia group C03
753,764,623,,Placed in male genitalia group C03
861,764,624,,Placed in male genitalia group C03
902,764,625,,Placed in male genitalia group C03
938,764,626,,Placed in male genitalia group C03
663,764,626,,Placed in male genitalia group C05
1060,764,627,,Placed in male genitalia group C05
1064,764,628,,Placed in male genitalia group C05
730,764,629,,Placed in male genitalia group C07
1100,764,630,,Placed in male genitalia group C07
637,764,631,,Placed in male genitalia group C08
642,764,631,,Placed in male genitalia group C08
674,764,632,,Placed in male genitalia group C08
726,764,633,,Placed in male genitalia group C08
761,764,634,,Placed in male genitalia group C08
766,764,634,,Placed in male genitalia group C08
827,764,635,,Placed in male genitalia group C08
924,764,636,,Placed in male genitalia group C08
1002,764,636,,Placed in male genitalia group C08
1008,764,637,,Placed in male genitalia group C08
1039,764,638,,Placed in male genitalia group C08
1086,764,639,,Placed in male genitalia group C08
709,764,640,,Placed in male genitalia group C09
896,764,641,,Placed in male genitalia group C09
985,764,641,,Placed in male genitalia group C09
534,764,642,,Placed in male genitalia group C11
537,764,643,,Placed in male genitalia group C11
614,764,644,,Placed in male genitalia group D01
625,764,645,,Placed in male genitalia group D01
768,764,646,,Placed in male genitalia group D01
776,764,646,,Placed in male genitalia group D01
925,764,647,,Placed in male genitalia group D01
1033,764,648,,Placed in male genitalia group D01
951,764,649,,Placed in male genitalia group D02
723,764,650,,Placed in male genitalia group D03
1075,764,650,,Placed in male genitalia group D03
1108,764,651,,Placed in male genitalia group D03
810,764,652,,Placed in male genitalia group D04
999,764,653,,Placed in male genitalia group D04
1014,764,654,,Placed in male genitalia group D04
979,764,654,,Placed in male genitalia group D05
926,764,655,,Placed in male genitalia group D08
787,764,656,,Placed in male genitalia group D09
814,764,657,,Placed in male genitalia group D09
936,764,657,,Placed in male genitalia group E01
639,764,658,,Placed in male genitalia group E02
665,764,659,,Placed in male genitalia group E02
882,764,660,,Placed in male genitalia group E02
1193,764,660,,Placed in male genitalia group E02
634,764,661,,Placed in male genitalia group E03
630,764,662,,Placed in male genitalia group E04
686,764,663,,Placed in male genitalia group E05
955,764,663,,Placed in male genitalia group E05
944,764,664,,Placed in male genitalia group F02
1055,764,665,,Placed in male genitalia group F03
1206,764,666,,Placed in male genitalia group G07
815,764,666,,Placed in male genitalia group H03
781,764,667,,Placed in male genitalia group I01
1073,764,668,,Placed in male genitalia group I04
900,764,669,,Placed in male genitalia group I08
983,764,670,,Placed in male genitalia group I08
1049,764,671,,Placed in male genitalia group I08
728,764,671,,Placed in male genitalia group J02
769,764,672,,Placed in male genitalia group J02
785,764,673,,Placed in male genitalia group J02
952,764,674,,Placed in male genitalia group J03
1021,764,675,,Placed in male genitalia group J03
772,764,676,,Placed in male genitalia group J05
1117,764,677,,Placed in male genitalia group J05
898,764,677,,Placed in male genitalia group J08
2125,1139,246,,New combination
2122,138,116,,New combination
534,764,642,,New combination
537,764,643,,New combination
1206,764,666,,New combination
2566,265,[33],,Original description
2587,265,[31],,Original description
2831,1896,225,https://www.biodiversitylibrary.org/page/47928623,Original description
2832,1898,405,,Original description
2833,1898,407,,Original description
2834,1898,407,,Original description
2835,1898,407,,Original description
2836,1898,410,,Original description
2837,1898,412,,Original description
2838,1898,412,,Original description
2839,1899,434,,Original description
2840,1899,435,,Original description
2841,1900,286,,Original description
2842,1900,287,,Original description
2843,1903,77,,Original description
2844,1904,110,,Original description
1628,1010,96,,Male genitalia drawing
1628,1010,97,,Female genitalia drawing
1626,1010,98,,Male genitalia drawing
1629,1010,99,,Male genitalia drawing
1623,1010,98,,Male genitalia drawing
1632,1010,101,,Male genitalia drawing
1647,138,114,,New combination
1818,138,112,,New combination
2846,1906,327,,"Original description with imago, male and female genitalia"
134,1906,328,,Reillustrates female genitalia - illustration in original publication is of A. cambriana female genitalia
2847,162,449,,Misspelling
2848,1908,330,,Original description
2370,1910,416,,"Larval and pupal descriptions, male and female genitalia"
2849,1911,92,,Original description
2849,1911,89,,"Photographs: adult, larva, male and female genitlia, underside abdomen"
2850,1911,90,,New combination
892,1911,90,,Notes that larvae more abundant on Tithonia diversifolia than Acanthospermum hispidum
2389,1911,92,,Additional example of feeding on Antirrhinum majus
404,1912,2,,Photographs: adults
404,1912,3,,Photographs: larva and pupa
404,1912,4,,Photograph: male genitalia
2851,1676,385,https://www.biodiversitylibrary.org/page/39246452,
1360,1447,12,,"Original description, male genitalia"
1360,1087,,,Synonymy with Crombrugghia tristis
29,1087,,,Synonymised with Agdistis adactyla
2652,1914,,,New synonym
1146,1915,7,,Only species synonymised
1147,1915,7,,Synonymy with Exelastis ebalensis
2426,1011,250,,Kovtunovich & Ustjuzhanin exclude caminites from Xyroptila but do not propose a new genus.
2538,125,216,,Original description
2231,125,218,,Original description
2262,125,219,,Original description
411,125,223,,Original description
389,125,222,,Original description
173,125,225,,Original description
424,125,223,,Redescription
66,122,227,,Original description
53,123,247,,Original description
214,123,247,,Original description
230,123,246,,Original description
1958,123,249,,Original description
2322,123,249,,Original description
